Category,Tag
Web Development,HTML
Web Development,CSS
Web Development,JavaScript
Graphic Design,Logo Design
Graphic Design,Illustration
Graphic Design,Photoshop
Mobile App Development,iOS
Mobile App Development,Android
Mobile App Development,React Native
Writing & Content,Blogging
Writing & Content,Copywriting
Writing & Content,Editing
Digital Marketing,SEO
Digital Marketing,Social Media Marketing
Digital Marketing,Email Marketing
Data Science,Machine Learning
Data Science,Data Analysis
Data Science,Python
Video Production,Video Editing
Video Production,Animation
Video Production,Cinematography
UI/UX Design,User Interface
UI/UX Design,User Experience
UI/UX Design,Wireframing
E-commerce,Online Store
E-commerce,Payment Processing
E-commerce,Inventory Management
Social Media Management,Content Scheduling
Social Media Management,Engagement
Social Media Management,Analytics